{"learner":{"attributes":{"best_iteration":"4","best_ntree_limit":"5"},"feature_names":[],"feature_types":[],"gradient_booster":{"model":{"gbtree_model_param":{"num_parallel_tree":"1","num_trees":"5","size_leaf_vector":"0"},"tree_info":[0,0,0,0,0],"trees":[{"base_weights":[-6.315789E-2,4E-1,-5.3061223E-1,7.5E-1,-1.8181819E-1,-6.976744E-1,4E-1,4.6153846E-1,1.2E0,-5.4545456E-1,1.3333334E-1,-2E-1,-9.62963E-1,8E-1,-4E-1,-2.2222222E-1,4E-1,-1.1111112E0,4E-1,-1.0909091E0,-2.2222222E-1],"categories":[],"categories_nodes":[],"categories_segments":[],"categories_sizes":[],"default_left":[1,1,1,1,1,1,0,1,0,0,1,1,1,0,0,0,0,0,0,0,0],"id":0,"left_children":[1,3,5,7,9,11,-1,13,-1,-1,15,17,19,-1,-1,-1,-1,-1,-1,-1,-1],"loss_changes":[5.3542423E0,2.681818E0,2.1835787E0,4.8461533E-1,7.030303E-1,1.2267008E0,0E0,2.2153847E0,0E0,0E0,4.4444448E-1,3.1777775E0,3.9730644E-1,0E0,0E0,0E0,0E0,0E0,0E0,0E0,0E0],"parents":[2147483647,0,0,1,1,2,2,3,3,4,4,5,5,7,7,10,10,11,11,12,12],"right_children":[2,4,6,8,10,12,-1,14,-1,-1,16,18,20,-1,-1,-1,-1,-1,-1,-1,-1],"split_conditions":[1.03398055E-1,7.3654604E-1,1.5876153E0,-2.2827056E-1,1.1541305E0,1.8943608E-1,2.0000001E-2,-4.6149382E-1,6.0000002E-2,-2.727273E-2,-6.179385E-1,3.852382E-1,1.534081E0,4.0000003E-2,-2.0000001E-2,-1.1111111E-2,2.0000001E-2,-5.555556E-2,2.0000001E-2,-5.454546E-2,-1.1111111E-2],"split_indices":[1,0,0,1,0,0,0,1,0,0,1,1,1,0,0,0,0,0,0,0,0],"split_type":[0,0,0,0,0,0,0,0,0,0,0,0,0,0,0,0,0,0,0,0,0],"sum_hessian":[2.275E1,1.15E1,1.125E1,7E0,4.5E0,9.75E0,1.5E0,5.5E0,1.5E0,1.75E0,2.75E0,4E0,5.75E0,4E0,1.5E0,1.25E0,1.5E0,1.25E0,2.75E0,4.5E0,1.25E0],"tree_param":{"num_deleted":"0","num_feature":"3","num_nodes":"21","size_leaf_vector":"0"}},{"base_weights":[2.1401402E-2,4.9594513E-1,-3.4448886E-1,1.08206384E-1,1.3573884E0,-5.819651E-1,1.9925644E-1,1.2475935E0,-3.7205124E-1,-4.262373E-3,-9.664706E-1,-2.8050393E-1,7.911533E-1,-5.953429E-1,1.6910198E-1,-3.987619E-1,2.7875137E-1,-1.9681704E-1,-1.1275203E0,2.249438E-1,-6.613463E-1],"categories":[],"categories_nodes":[],"categories_segments":[],"categories_sizes":[],"default_left":[1,1,1,1,0,1,1,0,1,1,1,1,0,0,0,0,0,0,0,0,0],"id":1,"left_children":[1,3,5,7,-1,9,11,-1,13,15,17,19,-1,-1,-1,-1,-1,-1,-1,-1,-1],"loss_changes":[4.2931557E0,3.4424748E0,1.9231774E0,5.113824E0,0E0,2.2163649E0,1.6415845E0,0E0,9.1605467E-1,6.6929203E-1,5.2146435E-1,8.2240474E-1,0E0,0E0,0E0,0E0,0E0,0E0,0E0,0E0,0E0],"parents":[2147483647,0,0,1,1,2,2,3,3,5,5,6,6,8,8,9,9,10,10,11,11],"right_children":[2,4,6,8,-1,10,12,-1,14,16,18,20,-1,-1,-1,-1,-1,-1,-1,-1,-1],"split_conditions":[2.0330524E-1,-1.6594304E-2,1.2984033E0,-9.621059E-1,6.786942E-2,-7.8205526E-2,4.7877714E-1,6.2379677E-2,3.9577493E-1,-1.0032954E0,4.61051E-1,-2.4801609E-1,3.9557666E-2,-2.9767144E-2,8.4551E-3,-1.9938095E-2,1.3937569E-2,-9.840853E-3,-5.6376018E-2,1.1247191E-2,-3.3067316E-2],"split_indices":[0,0,0,1,0,1,1,0,1,1,0,1,0,0,0,0,0,0,0,0,0],"split_type":[0,0,0,0,0,0,0,0,0,0,0,0,0,0,0,0,0,0,0,0,0],"sum_hessian":[2.2741785E1,9.746087E0,1.2995699E1,7.4971867E0,2.2489007E0,8.996334E0,3.9993646E0,1.7493002E0,5.747886E0,3.9990385E0,4.9972954E0,2.4994974E0,1.4998672E0,3.9980612E0,1.749825E0,1.4996529E0,2.4993856E0,1.2492489E0,3.7480466E0,1.2499441E0,1.2495532E0],"tree_param":{"num_deleted":"0","num_feature":"3","num_nodes":"21","size_leaf_vector":"0"}},{"base_weights":[-8.629759E-2,9.8835146E-1,-4.3033776E-1,1.8202391E-1,-9.690577E-1,5.284666E-1,-3.6992353E-1,-1.3803931E0,-6.477567E-1,-2.4206828E-1,7.695535E-1,-8.098101E-1,1.646508E-1,2.8452028E-3,-9.7365177E-1],"categories":[],"categories_nodes":[],"categories_segments":[],"categories_sizes":[],"default_left":[1,0,1,1,1,1,1,0,1,0,0,0,0,0,0],"id":2,"left_children":[1,-1,3,5,7,9,11,-1,13,-1,-1,-1,-1,-1,-1],"loss_changes":[9.103337E0,0E0,6.271579E0,2.009964E0,4.257908E-1,1.3457543E0,1.1321323E0,0E0,1.5911741E0,0E0,0E0,0E0,0E0,0E0,0E0],"parents":[2147483647,0,0,2,2,3,3,4,4,5,5,6,6,8,8],"right_children":[2,-1,4,6,8,10,12,-1,14,-1,-1,-1,-1,-1,-1],"split_conditions":[-4.679066E-1,4.9417574E-2,9.858851E-2,1.0699565E0,5.813679E-1,-9.547071E-2,1.5990553E0,-6.901966E-2,9.941049E-1,-1.2103414E-2,3.8477674E-2,-4.0490504E-2,8.23254E-3,1.4226015E-4,-4.868259E-2],"split_indices":[2,0,1,2,1,2,2,0,1,0,0,0,0,0,0],"split_type":[0,0,0,0,0,0,0,0,0,0,0,0,0,0,0],"sum_hessian":[2.2471695E1,4.9953537E0,1.7476341E1,8.489015E0,8.987326E0,5.2415657E0,3.247449E0,2.4958415E0,6.491484E0,1.2481854E0,3.9933805E0,1.4990515E0,1.7483975E0,2.4972863E0,3.9941978E0],"tree_param":{"num_deleted":"0","num_feature":"3","num_nodes":"15","size_leaf_vector":"0"}},{"base_weights":[-3.8220543E-2,1.073224E0,-3.7724605E-1,1.5085766E-1,-7.629725E-1,6.311273E-1,-9.795797E-1,-1.3710607E0,-4.2260045E-1,1.1150007E-1,1.0818083E0,2.4151108E-1,-9.3631554E-1],"categories":[],"categories_nodes":[],"categories_segments":[],"categories_sizes":[],"default_left":[1,0,1,1,1,1,0,0,1,0,0,0,0],"id":3,"left_children":[1,-1,3,5,7,9,-1,-1,11,-1,-1,-1,-1],"loss_changes":[9.240296E0,0E0,3.9258573E0,5.358574E0,1.6923795E0,1.4568579E0,0E0,0E0,3.1201205E0,0E0,0E0,0E0,0E0],"parents":[2147483647,0,0,2,2,3,3,4,4,5,5,8,8],"right_children":[2,-1,4,6,8,10,-1,-1,12,-1,-1,-1,-1],"split_conditions":[-4.679066E-1,5.3661197E-2,2.0330524E-1,1.0813751E0,7.053715E-2,-2.9613626E-1,-4.8978984E-2,-6.855304E-2,6.139045E-1,5.5750036E-3,5.4090418E-2,1.2075554E-2,-4.681578E-2],"split_indices":[2,0,0,2,2,0,0,0,2,0,0,0,0],"split_type":[0,0,0,0,0,0,0,0,0,0,0,0,0],"sum_hessian":[2.2448086E1,4.7407217E0,1.7707365E1,7.7312694E0,9.976094E0,5.7360067E0,1.9952629E0,2.493404E0,7.482691E0,3.2435987E0,2.4924078E0,3.494721E0,3.9879699E0],"tree_param":{"num_deleted":"0","num_feature":"3","num_nodes":"13","size_leaf_vector":"0"}},{"base_weights":[8.756026E-2,5.5770826E-1,-4.569146E-1,1.238549E0,1.7373472E-1,-9.12476E-1,-1.6331978E-1,-1.6558987E-1,9.095862E-1,4.7808728E-1,-6.6993463E-1,-7.931816E-1,2.9850477E-1,1.5361086E-1,6.6189605E-1,-7.8314275E-1,-1.9627908E-1],"categories":[],"categories_nodes":[],"categories_segments":[],"categories_sizes":[],"default_left":[1,1,1,0,1,0,1,1,0,1,1,0,0,0,0,0,0],"id":4,"left_children":[1,3,5,-1,7,-1,9,11,-1,13,15,-1,-1,-1,-1,-1,-1],"loss_changes":[5.8644853E0,2.9768333E0,1.2826486E0,0E0,2.3904233E0,0E0,2.831193E0,2.2713027E0,0E0,1.36504E-1,1.00111485E-1,0E0,0E0,0E0,0E0,0E0,0E0],"parents":[2147483647,0,0,1,1,2,2,4,4,6,6,7,7,9,9,10,10],"right_children":[2,4,6,-1,8,-1,10,12,-1,14,16,-1,-1,-1,-1,-1,-1],"split_conditions":[1.03398055E-1,-1.3655503E-1,4.801072E-1,6.192745E-2,-2.0371252E-1,-4.56238E-2,9.941049E-1,5.416568E-1,4.547931E-2,8.0534935E-1,1.9430777E0,-3.965908E-2,1.4925239E-2,7.6805428E-3,3.3094805E-2,-3.9157137E-2,-9.813954E-3],"split_indices":[1,0,1,0,1,0,1,0,0,1,1,0,0,0,0,0,0],"split_type":[0,0,0,0,0,0,0,0,0,0,0,0,0,0,0,0,0],"sum_hessian":[2.0914124E1,1.1210058E1,9.704065E0,3.2398043E0,7.970254E0,2.9769251E0,6.7271404E0,5.985238E0,1.9850159E0,2.993494E0,3.7336464E0,2.2429793E0,3.7422588E0,1.7463624E0,1.2471317E0,2.4860547E0,1.2475919E0],"tree_param":{"num_deleted":"0","num_feature":"3","num_nodes":"17","size_leaf_vector":"0"}}]},"name":"gbtree"},"learner_model_param":{"base_score":"5E-1","boost_from_average":"1","num_class":"0","num_feature":"3","num_target":"1"},"objective":{"name":"binary:logistic","reg_loss_param":{"scale_pos_weight":"1"}}},"version":[1,7,6]}